Имя,Фамилия,Должность,Зарплата,Отдел
Имя_1,Фамилия_1,Должность_778,4931,Отдел_94
Имя_2,Фамилия_2,Должность_368,3838,Отдел_88
Имя_3,Фамилия_3,Должность_731,4746,Отдел_4
Имя_4,Фамилия_4,Должность_917,3765,Отдел_7
Имя_5,Фамилия_5,Должность_671,1791,Отдел_96
Имя_6,Фамилия_6,Должность_753,1671,Отдел_99
Имя_7,Фамилия_7,Должность_162,4487,Отдел_28
Имя_8,Фамилия_8,Должность_294,2937,Отдел_5
Имя_9,Фамилия_9,Должность_125,2318,Отдел_35
Имя_10,Фамилия_10,Должность_151,2657,Отдел_50
Имя_11,Фамилия_11,Должность_425,2367,Отдел_89
Имя_12,Фамилия_12,Должность_741,1209,Отдел_49
Имя_13,Фамилия_13,Должность_599,3047,Отдел_18
Имя_14,Фамилия_14,Должность_101,4989,Отдел_57
Имя_15,Фамилия_15,Должность_985,3593,Отдел_46
Имя_16,Фамилия_16,Должность_436,2421,Отдел_15
Имя_17,Фамилия_17,Должность_893,3549,Отдел_59
Имя_18,Фамилия_18,Должность_345,4068,Отдел_38
Имя_19,Фамилия_19,Должность_696,2605,Отдел_74
Имя_20,Фамилия_20,Должность_269,4242,Отдел_55
Имя_21,Фамилия_21,Должность_377,4299,Отдел_93
Имя_22,Фамилия_22,Должность_308,2135,Отдел_30
Имя_23,Фамилия_23,Должность_760,3943,Отдел_32
Имя_24,Фамилия_24,Должность_959,1024,Отдел_14
Имя_25,Фамилия_25,Должность_191,3607,Отдел_30
Имя_26,Фамилия_26,Должность_457,4627,Отдел_11
Имя_27,Фамилия_27,Должность_138,4678,Отдел_7
Имя_28,Фамилия_28,Должность_256,1631,Отдел_34
Имя_29,Фамилия_29,Должность_98,2382,Отдел_12
Имя_30,Фамилия_30,Должность_421,2476,Отдел_93
Имя_31,Фамилия_31,Должность_341,2871,Отдел_82
Имя_32,Фамилия_32,Должность_452,4487,Отдел_30
Имя_33,Фамилия_33,Должность_270,3689,Отдел_22
Имя_34,Фамилия_34,Должность_517,2786,Отдел_65
Имя_35,Фамилия_35,Должность_721,1409,Отдел_64
Имя_36,Фамилия_36,Должность_220,3387,Отдел_87
Имя_37,Фамилия_37,Должность_395,1563,Отдел_41
Имя_38,Фамилия_38,Должность_887,3080,Отдел_65
Имя_39,Фамилия_39,Должность_712,3739,Отдел_76
Имя_40,Фамилия_40,Должность_80,2978,Отдел_38
Имя_41,Фамилия_41,Должность_622,2496,Отдел_43
Имя_42,Фамилия_42,Должность_936,3895,Отдел_66
Имя_43,Фамилия_43,Должность_693,3593,Отдел_89
Имя_44,Фамилия_44,Должность_724,3204,Отдел_39
Имя_45,Фамилия_45,Должность_595,1903,Отдел_22
Имя_46,Фамилия_46,Должность_467,3737,Отдел_80
Имя_47,Фамилия_47,Должность_24,2600,Отдел_90
Имя_48,Фамилия_48,Должность_684,3651,Отдел_39
Имя_49,Фамилия_49,Должность_722,2516,Отдел_76
Имя_50,Фамилия_50,Должность_168,2157,Отдел_66
Имя_51,Фамилия_51,Должность_483,4013,Отдел_92
Имя_52,Фамилия_52,Должность_630,2318,Отдел_10
Имя_53,Фамилия_53,Должность_296,1075,Отдел_39
Имя_54,Фамилия_54,Должность_280,1276,Отдел_80
Имя_55,Фамилия_55,Должность_572,3719,Отдел_56
Имя_56,Фамилия_56,Должность_819,4303,Отдел_96
Имя_57,Фамилия_57,Должность_257,3656,Отдел_60
Имя_58,Фамилия_58,Должность_784,3172,Отдел_58
Имя_59,Фамилия_59,Должность_560,3176,Отдел_82
Имя_60,Фамилия_60,Должность_764,3253,Отдел_12
Имя_61,Фамилия_61,Должность_303,3972,Отдел_54
Имя_62,Фамилия_62,Должность_269,3151,Отдел_94
Имя_63,Фамилия_63,Должность_581,4315,Отдел_28
Имя_64,Фамилия_64,Должность_730,1517,Отдел_85
Имя_65,Фамилия_65,Должность_786,4560,Отдел_98
Имя_66,Фамилия_66,Должность_733,4007,Отдел_38
Имя_67,Фамилия_67,Должность_442,1350,Отдел_30
Имя_68,Фамилия_68,Должность_242,1336,Отдел_18
Имя_69,Фамилия_69,Должность_560,4458,Отдел_24
Имя_70,Фамилия_70,Должность_290,2210,Отдел_76
Имя_71,Фамилия_71,Должность_717,4774,Отдел_76
Имя_72,Фамилия_72,Должность_269,1356,Отдел_57
Имя_73,Фамилия_73,Должность_693,1682,Отдел_92
Имя_74,Фамилия_74,Должность_582,1615,Отдел_96
Имя_75,Фамилия_75,Должность_367,4133,Отдел_23
Имя_76,Фамилия_76,Должность_245,1843,Отдел_41
Имя_77,Фамилия_77,Должность_655,2063,Отдел_92
Имя_78,Фамилия_78,Должность_896,4102,Отдел_37
Имя_79,Фамилия_79,Должность_129,2050,Отдел_25
Имя_80,Фамилия_80,Должность_987,2684,Отдел_48
Имя_81,Фамилия_81,Должность_512,4448,Отдел_5
Имя_82,Фамилия_82,Должность_156,2200,Отдел_43
Имя_83,Фамилия_83,Должность_903,3726,Отдел_71
Имя_84,Фамилия_84,Должность_81,3319,Отдел_47
Имя_85,Фамилия_85,Должность_532,2070,Отдел_30
Имя_86,Фамилия_86,Должность_162,3838,Отдел_53
Имя_87,Фамилия_87,Должность_803,2780,Отдел_74
Имя_88,Фамилия_88,Должность_905,1687,Отдел_56
Имя_89,Фамилия_89,Должность_300,4477,Отдел_67
Имя_90,Фамилия_90,Должность_168,2363,Отдел_34
Имя_91,Фамилия_91,Должность_839,3084,Отдел_96
Имя_92,Фамилия_92,Должность_67,4444,Отдел_40
Имя_93,Фамилия_93,Должность_788,3965,Отдел_26
Имя_94,Фамилия_94,Должность_121,2921,Отдел_19
Имя_95,Фамилия_95,Должность_328,1503,Отдел_27
Имя_96,Фамилия_96,Должность_556,1429,Отдел_50
Имя_97,Фамилия_97,Должность_118,4056,Отдел_21
Имя_98,Фамилия_98,Должность_910,1365,Отдел_34
Имя_99,Фамилия_99,Должность_926,4781,Отдел_17
Имя_1,Фамилия_1,Должность_845,1934,Отдел_71
Имя_2,Фамилия_2,Должность_262,4354,Отдел_76
Имя_3,Фамилия_3,Должность_240,2406,Отдел_71
Имя_4,Фамилия_4,Должность_188,3235,Отдел_25
Имя_5,Фамилия_5,Должность_299,2694,Отдел_66
Имя_6,Фамилия_6,Должность_15,1322,Отдел_32
Имя_7,Фамилия_7,Должность_471,2378,Отдел_50
Имя_8,Фамилия_8,Должность_308,1262,Отдел_23
Имя_9,Фамилия_9,Должность_511,2949,Отдел_39
Имя_10,Фамилия_10,Должность_471,4372,Отдел_47
Имя_11,Фамилия_11,Должность_408,3006,Отдел_19
Имя_12,Фамилия_12,Должность_210,3882,Отдел_92
Имя_13,Фамилия_13,Должность_508,4430,Отдел_33
Имя_14,Фамилия_14,Должность_22,3972,Отдел_64
Имя_15,Фамилия_15,Должность_913,4805,Отдел_16
Имя_16,Фамилия_16,Должность_343,3901,Отдел_11
Имя_17,Фамилия_17,Должность_124,2305,Отдел_16
Имя_18,Фамилия_18,Должность_171,4704,Отдел_9
Имя_19,Фамилия_19,Должность_951,3997,Отдел_93
Имя_20,Фамилия_20,Должность_892,4097,Отдел_55
Имя_21,Фамилия_21,Должность_420,2944,Отдел_53
Имя_22,Фамилия_22,Должность_735,4047,Отдел_37
Имя_23,Фамилия_23,Должность_847,3493,Отдел_41
Имя_24,Фамилия_24,Должность_683,3216,Отдел_57
Имя_25,Фамилия_25,Должность_397,1055,Отдел_42
Имя_26,Фамилия_26,Должность_563,1899,Отдел_84
Имя_27,Фамилия_27,Должность_770,4499,Отдел_51
Имя_28,Фамилия_28,Должность_807,1509,Отдел_87
Имя_29,Фамилия_29,Должность_406,2635,Отдел_50
Имя_30,Фамилия_30,Должность_198,3616,Отдел_44
Имя_31,Фамилия_31,Должность_960,2558,Отдел_85
Имя_32,Фамилия_32,Должность_513,3271,Отдел_77
Имя_33,Фамилия_33,Должность_183,2013,Отдел_12
Имя_34,Фамилия_34,Должность_352,3648,Отдел_19
Имя_35,Фамилия_35,Должность_648,4783,Отдел_68
Имя_36,Фамилия_36,Должность_248,1373,Отдел_96
Имя_37,Фамилия_37,Должность_751,2095,Отдел_12
Имя_38,Фамилия_38,Должность_57,3841,Отдел_48
Имя_39,Фамилия_39,Должность_575,1238,Отдел_92
Имя_40,Фамилия_40,Должность_372,2165,Отдел_7
Имя_41,Фамилия_41,Должность_103,1465,Отдел_9
Имя_42,Фамилия_42,Должность_12,4972,Отдел_78
Имя_43,Фамилия_43,Должность_222,2210,Отдел_21
Имя_44,Фамилия_44,Должность_973,3316,Отдел_12
Имя_45,Фамилия_45,Должность_429,1534,Отдел_79
Имя_46,Фамилия_46,Должность_454,2990,Отдел_34
Имя_47,Фамилия_47,Должность_768,2492,Отдел_31
Имя_48,Фамилия_48,Должность_739,1058,Отдел_82
Имя_49,Фамилия_49,Должность_877,2915,Отдел_75
Имя_50,Фамилия_50,Должность_4,2627,Отдел_71
Имя_51,Фамилия_51,Должность_487,2482,Отдел_6
Имя_52,Фамилия_52,Должность_501,1931,Отдел_77
Имя_53,Фамилия_53,Должность_945,1221,Отдел_74
Имя_54,Фамилия_54,Должность_495,4318,Отдел_75
Имя_55,Фамилия_55,Должность_775,3470,Отдел_78
Имя_56,Фамилия_56,Должность_689,2976,Отдел_1
Имя_57,Фамилия_57,Должность_479,4410,Отдел_38
Имя_58,Фамилия_58,Должность_822,4930,Отдел_86
Имя_59,Фамилия_59,Должность_426,1150,Отдел_75
Имя_60,Фамилия_60,Должность_444,3349,Отдел_97
Имя_61,Фамилия_61,Должность_604,2231,Отдел_35
Имя_62,Фамилия_62,Должность_271,3341,Отдел_86
Имя_63,Фамилия_63,Должность_730,1607,Отдел_36
Имя_64,Фамилия_64,Должность_622,1278,Отдел_7
Имя_65,Фамилия_65,Должность_367,4387,Отдел_28
Имя_66,Фамилия_66,Должность_858,2099,Отдел_18
Имя_67,Фамилия_67,Должность_192,3889,Отдел_81
Имя_68,Фамилия_68,Должность_78,3661,Отдел_16
Имя_69,Фамилия_69,Должность_647,1996,Отдел_4
Имя_70,Фамилия_70,Должность_147,2281,Отдел_93
Имя_71,Фамилия_71,Должность_991,2310,Отдел_76
Имя_72,Фамилия_72,Должность_626,2909,Отдел_40
Имя_73,Фамилия_73,Должность_968,4034,Отдел_71
Имя_74,Фамилия_74,Должность_313,2289,Отдел_68
Имя_75,Фамилия_75,Должность_134,2538,Отдел_49
Имя_76,Фамилия_76,Должность_773,2612,Отдел_96
Имя_77,Фамилия_77,Должность_990,1674,Отдел_74
Имя_78,Фамилия_78,Должность_36,3749,Отдел_84
Имя_79,Фамилия_79,Должность_911,2522,Отдел_66
Имя_80,Фамилия_80,Должность_511,3017,Отдел_34
Имя_81,Фамилия_81,Должность_322,2826,Отдел_49
Имя_82,Фамилия_82,Должность_948,3254,Отдел_87
Имя_83,Фамилия_83,Должность_571,3823,Отдел_25
Имя_84,Фамилия_84,Должность_828,2550,Отдел_12
Имя_85,Фамилия_85,Должность_358,3794,Отдел_68
Имя_86,Фамилия_86,Должность_738,1109,Отдел_32
Имя_87,Фамилия_87,Должность_912,3681,Отдел_68
Имя_88,Фамилия_88,Должность_665,1591,Отдел_81
Имя_89,Фамилия_89,Должность_49,4111,Отдел_23
Имя_90,Фамилия_90,Должность_913,3600,Отдел_12
Имя_91,Фамилия_91,Должность_294,2659,Отдел_80
Имя_92,Фамилия_92,Должность_440,1337,Отдел_22
Имя_93,Фамилия_93,Должность_260,1271,Отдел_18
Имя_94,Фамилия_94,Должность_825,4515,Отдел_97
Имя_95,Фамилия_95,Должность_136,1832,Отдел_41
Имя_96,Фамилия_96,Должность_877,4772,Отдел_66
Имя_97,Фамилия_97,Должность_887,3473,Отдел_71
Имя_98,Фамилия_98,Должность_162,4219,Отдел_67
Имя_99,Фамилия_99,Должность_582,2007,Отдел_17
Имя_100,Фамилия_100,Должность_226,4966,Отдел_84
Имя_101,Фамилия_101,Должность_453,1652,Отдел_67
Имя_102,Фамилия_102,Должность_975,1022,Отдел_80
Имя_103,Фамилия_103,Должность_801,4723,Отдел_18
Имя_104,Фамилия_104,Должность_243,4353,Отдел_55
Имя_105,Фамилия_105,Должность_756,2512,Отдел_44
Имя_106,Фамилия_106,Должность_371,1670,Отдел_36
Имя_107,Фамилия_107,Должность_393,2854,Отдел_23
Имя_108,Фамилия_108,Должность_714,3613,Отдел_7
Имя_109,Фамилия_109,Должность_367,3318,Отдел_82
Имя_110,Фамилия_110,Должность_271,1245,Отдел_45
Имя_111,Фамилия_111,Должность_814,3178,Отдел_25
Имя_112,Фамилия_112,Должность_624,4877,Отдел_47
Имя_113,Фамилия_113,Должность_702,4256,Отдел_57
Имя_114,Фамилия_114,Должность_550,1082,Отдел_46
Имя_115,Фамилия_115,Должность_801,1871,Отдел_21
Имя_116,Фамилия_116,Должность_775,1923,Отдел_45
Имя_117,Фамилия_117,Должность_861,1145,Отдел_34
Имя_118,Фамилия_118,Должность_13,4342,Отдел_8
Имя_119,Фамилия_119,Должность_930,3236,Отдел_1
Имя_120,Фамилия_120,Должность_918,1524,Отдел_83
Имя_121,Фамилия_121,Должность_998,2946,Отдел_87
Имя_122,Фамилия_122,Должность_86,1886,Отдел_59
Имя_123,Фамилия_123,Должность_123,3162,Отдел_91
Имя_124,Фамилия_124,Должность_856,4741,Отдел_11
Имя_125,Фамилия_125,Должность_91,1402,Отдел_37
Имя_126,Фамилия_126,Должность_630,4207,Отдел_73
Имя_127,Фамилия_127,Должность_734,4491,Отдел_91
Имя_128,Фамилия_128,Должность_14,3524,Отдел_37
Имя_129,Фамилия_129,Должность_388,4125,Отдел_51
Имя_130,Фамилия_130,Должность_360,3215,Отдел_7
Имя_131,Фамилия_131,Должность_443,4974,Отдел_54
Имя_132,Фамилия_132,Должность_922,1106,Отдел_83
Имя_133,Фамилия_133,Должность_452,2692,Отдел_73
Имя_134,Фамилия_134,Должность_762,1968,Отдел_79
Имя_135,Фамилия_135,Должность_755,1019,Отдел_17
Имя_136,Фамилия_136,Должность_305,3410,Отдел_33
Имя_137,Фамилия_137,Должность_175,1970,Отдел_66
Имя_138,Фамилия_138,Должность_422,4272,Отдел_23
Имя_139,Фамилия_139,Должность_39,3915,Отдел_15
Имя_140,Фамилия_140,Должность_261,2035,Отдел_94
Имя_141,Фамилия_141,Должность_36,4686,Отдел_54
Имя_142,Фамилия_142,Должность_895,3192,Отдел_90
Имя_143,Фамилия_143,Должность_988,2268,Отдел_53
Имя_144,Фамилия_144,Должность_388,4396,Отдел_34
Имя_145,Фамилия_145,Должность_662,1196,Отдел_30
Имя_146,Фамилия_146,Должность_361,4048,Отдел_57
Имя_147,Фамилия_147,Должность_199,1797,Отдел_78
Имя_148,Фамилия_148,Должность_97,1625,Отдел_93
Имя_149,Фамилия_149,Должность_61,2831,Отдел_18
Имя_150,Фамилия_150,Должность_64,3964,Отдел_60
Имя_151,Фамилия_151,Должность_335,3079,Отдел_9
Имя_152,Фамилия_152,Должность_285,4478,Отдел_15
Имя_153,Фамилия_153,Должность_394,2221,Отдел_97
Имя_154,Фамилия_154,Должность_961,2054,Отдел_35
Имя_155,Фамилия_155,Должность_348,4617,Отдел_39
Имя_156,Фамилия_156,Должность_768,4499,Отдел_5
Имя_157,Фамилия_157,Должность_382,1145,Отдел_30
Имя_158,Фамилия_158,Должность_671,4808,Отдел_77
Имя_159,Фамилия_159,Должность_453,3685,Отдел_35
Имя_160,Фамилия_160,Должность_675,2876,Отдел_35
Имя_161,Фамилия_161,Должность_52,3361,Отдел_64
Имя_162,Фамилия_162,Должность_182,3893,Отдел_54
Имя_163,Фамилия_163,Должность_111,4618,Отдел_4
Имя_164,Фамилия_164,Должность_349,4602,Отдел_85
Имя_165,Фамилия_165,Должность_471,2022,Отдел_72
Имя_166,Фамилия_166,Должность_576,1873,Отдел_52
Имя_167,Фамилия_167,Должность_530,1216,Отдел_76
Имя_168,Фамилия_168,Должность_917,3022,Отдел_60
Имя_169,Фамилия_169,Должность_555,1248,Отдел_64
Имя_170,Фамилия_170,Должность_236,2029,Отдел_65
Имя_171,Фамилия_171,Должность_501,2985,Отдел_82
Имя_172,Фамилия_172,Должность_917,3464,Отдел_57
Имя_173,Фамилия_173,Должность_813,4545,Отдел_37
Имя_174,Фамилия_174,Должность_746,1403,Отдел_75
Имя_175,Фамилия_175,Должность_72,1791,Отдел_26
Имя_176,Фамилия_176,Должность_964,1982,Отдел_88
Имя_177,Фамилия_177,Должность_307,1624,Отдел_60
Имя_178,Фамилия_178,Должность_256,3720,Отдел_23
Имя_179,Фамилия_179,Должность_605,1256,Отдел_75
Имя_180,Фамилия_180,Должность_399,4006,Отдел_52
Имя_181,Фамилия_181,Должность_483,1828,Отдел_48
Имя_182,Фамилия_182,Должность_136,1715,Отдел_14
Имя_183,Фамилия_183,Должность_309,4248,Отдел_11
Имя_184,Фамилия_184,Должность_995,3091,Отдел_69
Имя_185,Фамилия_185,Должность_617,1854,Отдел_46
Имя_186,Фамилия_186,Должность_12,2136,Отдел_30
Имя_187,Фамилия_187,Должность_662,1624,Отдел_81
Имя_188,Фамилия_188,Должность_353,3696,Отдел_43
Имя_189,Фамилия_189,Должность_673,2393,Отдел_64
Имя_190,Фамилия_190,Должность_768,4392,Отдел_47
Имя_191,Фамилия_191,Должность_24,1602,Отдел_97
Имя_192,Фамилия_192,Должность_574,1744,Отдел_22
Имя_193,Фамилия_193,Должность_370,2969,Отдел_46
Имя_194,Фамилия_194,Должность_292,4055,Отдел_90
Имя_195,Фамилия_195,Должность_910,2375,Отдел_37
Имя_196,Фамилия_196,Должность_365,2799,Отдел_11
Имя_197,Фамилия_197,Должность_379,4142,Отдел_37
Имя_198,Фамилия_198,Должность_878,4749,Отдел_49
Имя_199,Фамилия_199,Должность_743,2330,Отдел_73
Имя_200,Фамилия_200,Должность_306,4410,Отдел_56
Имя_201,Фамилия_201,Должность_937,3926,Отдел_31
Имя_202,Фамилия_202,Должность_212,1990,Отдел_3
Имя_203,Фамилия_203,Должность_447,2783,Отдел_84
Имя_204,Фамилия_204,Должность_479,2963,Отдел_76
Имя_205,Фамилия_205,Должность_50,2377,Отдел_7
Имя_206,Фамилия_206,Должность_821,3285,Отдел_21
Имя_207,Фамилия_207,Должность_6,3776,Отдел_44
Имя_208,Фамилия_208,Должность_27,1164,Отдел_89
Имя_209,Фамилия_209,Должность_785,4570,Отдел_5
Имя_210,Фамилия_210,Должность_138,1961,Отдел_42
Имя_211,Фамилия_211,Должность_757,2820,Отдел_20
Имя_212,Фамилия_212,Должность_91,1246,Отдел_29
Имя_213,Фамилия_213,Должность_570,1651,Отдел_81
Имя_214,Фамилия_214,Должность_787,4079,Отдел_65
Имя_215,Фамилия_215,Должность_528,4521,Отдел_85
Имя_216,Фамилия_216,Должность_805,1278,Отдел_88
Имя_217,Фамилия_217,Должность_553,4153,Отдел_64
Имя_218,Фамилия_218,Должность_449,1518,Отдел_44
Имя_219,Фамилия_219,Должность_921,4736,Отдел_4
Имя_220,Фамилия_220,Должность_371,4083,Отдел_34
Имя_221,Фамилия_221,Должность_405,1757,Отдел_39
Имя_222,Фамилия_222,Должность_230,4727,Отдел_27
Имя_223,Фамилия_223,Должность_238,3701,Отдел_11
Имя_224,Фамилия_224,Должность_386,4622,Отдел_33
Имя_225,Фамилия_225,Должность_572,4181,Отдел_88
Имя_226,Фамилия_226,Должность_422,3811,Отдел_80
Имя_227,Фамилия_227,Должность_726,1006,Отдел_4
Имя_228,Фамилия_228,Должность_738,2151,Отдел_99
Имя_229,Фамилия_229,Должность_539,4643,Отдел_12
Имя_230,Фамилия_230,Должность_680,1074,Отдел_18
Имя_231,Фамилия_231,Должность_518,3497,Отдел_35
Имя_232,Фамилия_232,Должность_25,1719,Отдел_42
Имя_233,Фамилия_233,Должность_608,2379,Отдел_79
Имя_234,Фамилия_234,Должность_890,1155,Отдел_52
Имя_235,Фамилия_235,Должность_386,4797,Отдел_14
Имя_236,Фамилия_236,Должность_892,2669,Отдел_28
Имя_237,Фамилия_237,Должность_680,2391,Отдел_72
Имя_238,Фамилия_238,Должность_793,3837,Отдел_1
Имя_239,Фамилия_239,Должность_620,2037,Отдел_78
Имя_240,Фамилия_240,Должность_354,1120,Отдел_42
Имя_241,Фамилия_241,Должность_578,1095,Отдел_25
Имя_242,Фамилия_242,Должность_494,2679,Отдел_86
Имя_243,Фамилия_243,Должность_389,2643,Отдел_23
Имя_244,Фамилия_244,Должность_880,4786,Отдел_73
Имя_245,Фамилия_245,Должность_347,2594,Отдел_10
Имя_246,Фамилия_246,Должность_462,4797,Отдел_23
Имя_247,Фамилия_247,Должность_338,1960,Отдел_95
Имя_248,Фамилия_248,Должность_254,3897,Отдел_35
Имя_249,Фамилия_249,Должность_534,3366,Отдел_65
Имя_250,Фамилия_250,Должность_173,4538,Отдел_46
Имя_251,Фамилия_251,Должность_482,1871,Отдел_9
Имя_252,Фамилия_252,Должность_479,2104,Отдел_67
Имя_253,Фамилия_253,Должность_531,3738,Отдел_45
Имя_254,Фамилия_254,Должность_936,3954,Отдел_9
Имя_255,Фамилия_255,Должность_801,2382,Отдел_6
Имя_256,Фамилия_256,Должность_465,1939,Отдел_25
Имя_257,Фамилия_257,Должность_64,4499,Отдел_20
Имя_258,Фамилия_258,Должность_296,4440,Отдел_92
Имя_259,Фамилия_259,Должность_942,4334,Отдел_20
Имя_260,Фамилия_260,Должность_864,4363,Отдел_42
Имя_261,Фамилия_261,Должность_567,2125,Отдел_10
Имя_262,Фамилия_262,Должность_274,2567,Отдел_42
Имя_263,Фамилия_263,Должность_507,1090,Отдел_7
Имя_264,Фамилия_264,Должность_829,1809,Отдел_79
Имя_265,Фамилия_265,Должность_971,2684,Отдел_32
Имя_266,Фамилия_266,Должность_80,2535,Отдел_38
Имя_267,Фамилия_267,Должность_757,4953,Отдел_2
Имя_268,Фамилия_268,Должность_544,4361,Отдел_76
Имя_269,Фамилия_269,Должность_925,4973,Отдел_68
Имя_270,Фамилия_270,Должность_135,3709,Отдел_39
Имя_271,Фамилия_271,Должность_456,2603,Отдел_78
Имя_272,Фамилия_272,Должность_793,1401,Отдел_63
Имя_273,Фамилия_273,Должность_39,4792,Отдел_28
Имя_274,Фамилия_274,Должность_522,4262,Отдел_98
Имя_275,Фамилия_275,Должность_903,2718,Отдел_81
Имя_276,Фамилия_276,Должность_379,2265,Отдел_25
Имя_277,Фамилия_277,Должность_258,1426,Отдел_90
Имя_278,Фамилия_278,Должность_516,3447,Отдел_12
Имя_279,Фамилия_279,Должность_31,3586,Отдел_15
Имя_280,Фамилия_280,Должность_602,1419,Отдел_87
Имя_281,Фамилия_281,Должность_356,2092,Отдел_7
Имя_282,Фамилия_282,Должность_568,2285,Отдел_44
Имя_283,Фамилия_283,Должность_12,3013,Отдел_28
Имя_284,Фамилия_284,Должность_865,1422,Отдел_30
Имя_285,Фамилия_285,Должность_149,1462,Отдел_2
Имя_286,Фамилия_286,Должность_199,4186,Отдел_23
Имя_287,Фамилия_287,Должность_835,4915,Отдел_41
Имя_288,Фамилия_288,Должность_667,2213,Отдел_58
Имя_289,Фамилия_289,Должность_552,1620,Отдел_93
Имя_290,Фамилия_290,Должность_252,3626,Отдел_10
Имя_291,Фамилия_291,Должность_668,4166,Отдел_82
Имя_292,Фамилия_292,Должность_332,2631,Отдел_43
Имя_293,Фамилия_293,Должность_354,1038,Отдел_53
Имя_294,Фамилия_294,Должность_90,1764,Отдел_46
Имя_295,Фамилия_295,Должность_50,3551,Отдел_76
Имя_296,Фамилия_296,Должность_908,3249,Отдел_44
Имя_297,Фамилия_297,Должность_922,2925,Отдел_16
Имя_298,Фамилия_298,Должность_176,1751,Отдел_88
Имя_299,Фамилия_299,Должность_17,1312,Отдел_2
Имя_300,Фамилия_300,Должность_972,1846,Отдел_10
Имя_301,Фамилия_301,Должность_550,2953,Отдел_52
Имя_302,Фамилия_302,Должность_773,1380,Отдел_71
Имя_303,Фамилия_303,Должность_697,2482,Отдел_6
Имя_304,Фамилия_304,Должность_896,3040,Отдел_3
Имя_305,Фамилия_305,Должность_349,1466,Отдел_9
Имя_306,Фамилия_306,Должность_256,3872,Отдел_75
Имя_307,Фамилия_307,Должность_123,1149,Отдел_47
Имя_308,Фамилия_308,Должность_173,1201,Отдел_59
Имя_309,Фамилия_309,Должность_543,2327,Отдел_4
Имя_310,Фамилия_310,Должность_41,4141,Отдел_93
Имя_311,Фамилия_311,Должность_773,4165,Отдел_2
Имя_312,Фамилия_312,Должность_132,2092,Отдел_59
Имя_313,Фамилия_313,Должность_50,4647,Отдел_6
Имя_314,Фамилия_314,Должность_122,1975,Отдел_18
Имя_315,Фамилия_315,Должность_740,2425,Отдел_53
Имя_316,Фамилия_316,Должность_625,3787,Отдел_19
Имя_317,Фамилия_317,Должность_784,1875,Отдел_8
Имя_318,Фамилия_318,Должность_472,3431,Отдел_7
Имя_319,Фамилия_319,Должность_183,2052,Отдел_8
Имя_320,Фамилия_320,Должность_705,4772,Отдел_4
Имя_321,Фамилия_321,Должность_442,4853,Отдел_96
Имя_322,Фамилия_322,Должность_991,3925,Отдел_71
Имя_323,Фамилия_323,Должность_160,1825,Отдел_68
Имя_324,Фамилия_324,Должность_250,1791,Отдел_20
Имя_325,Фамилия_325,Должность_603,2463,Отдел_3
Имя_326,Фамилия_326,Должность_203,1123,Отдел_4
Имя_327,Фамилия_327,Должность_846,2981,Отдел_67
Имя_328,Фамилия_328,Должность_167,3834,Отдел_13
Имя_329,Фамилия_329,Должность_322,3743,Отдел_30
Имя_330,Фамилия_330,Должность_735,4707,Отдел_65
Имя_331,Фамилия_331,Должность_503,4085,Отдел_41
Имя_332,Фамилия_332,Должность_927,2527,Отдел_31
Имя_333,Фамилия_333,Должность_62,1006,Отдел_86
Имя_334,Фамилия_334,Должность_921,1486,Отдел_65
Имя_335,Фамилия_335,Должность_928,3077,Отдел_42
Имя_336,Фамилия_336,Должность_58,4430,Отдел_14
Имя_337,Фамилия_337,Должность_80,4535,Отдел_36
Имя_338,Фамилия_338,Должность_903,3158,Отдел_34
Имя_339,Фамилия_339,Должность_710,4875,Отдел_41
Имя_340,Фамилия_340,Должность_625,4079,Отдел_51
Имя_341,Фамилия_341,Должность_183,3755,Отдел_79
Имя_342,Фамилия_342,Должность_848,4151,Отдел_87
Имя_343,Фамилия_343,Должность_39,4536,Отдел_73
Имя_344,Фамилия_344,Должность_512,1636,Отдел_99
Имя_345,Фамилия_345,Должность_638,4819,Отдел_19
Имя_346,Фамилия_346,Должность_21,3994,Отдел_9
Имя_347,Фамилия_347,Должность_661,1738,Отдел_63
Имя_348,Фамилия_348,Должность_712,1864,Отдел_78
Имя_349,Фамилия_349,Должность_5,4803,Отдел_32
Имя_350,Фамилия_350,Должность_61,4874,Отдел_60
Имя_351,Фамилия_351,Должность_9,1644,Отдел_53
Имя_352,Фамилия_352,Должность_806,1501,Отдел_17
Имя_353,Фамилия_353,Должность_974,4056,Отдел_79
Имя_354,Фамилия_354,Должность_584,2887,Отдел_44
Имя_355,Фамилия_355,Должность_608,2100,Отдел_50
Имя_356,Фамилия_356,Должность_159,4688,Отдел_49
Имя_357,Фамилия_357,Должность_99,3301,Отдел_21
Имя_358,Фамилия_358,Должность_845,3502,Отдел_58
Имя_359,Фамилия_359,Должность_353,4576,Отдел_4
Имя_360,Фамилия_360,Должность_223,1248,Отдел_71
Имя_361,Фамилия_361,Должность_21,1310,Отдел_97
Имя_362,Фамилия_362,Должность_424,1460,Отдел_57
Имя_363,Фамилия_363,Должность_507,4521,Отдел_76
Имя_364,Фамилия_364,Должность_465,4756,Отдел_14
Имя_365,Фамилия_365,Должность_673,3812,Отдел_92
Имя_366,Фамилия_366,Должность_914,3413,Отдел_70
Имя_367,Фамилия_367,Должность_180,1490,Отдел_32
Имя_368,Фамилия_368,Должность_438,3337,Отдел_21
Имя_369,Фамилия_369,Должность_559,4872,Отдел_64
Имя_370,Фамилия_370,Должность_943,3161,Отдел_40
Имя_371,Фамилия_371,Должность_2,3714,Отдел_6
Имя_372,Фамилия_372,Должность_864,4196,Отдел_21
Имя_373,Фамилия_373,Должность_762,4790,Отдел_19
Имя_374,Фамилия_374,Должность_142,2941,Отдел_62
Имя_375,Фамилия_375,Должность_372,3520,Отдел_77
Имя_376,Фамилия_376,Должность_797,4536,Отдел_10
Имя_377,Фамилия_377,Должность_670,1863,Отдел_23
Имя_378,Фамилия_378,Должность_296,1203,Отдел_15
Имя_379,Фамилия_379,Должность_304,4747,Отдел_23
Имя_380,Фамилия_380,Должность_550,3964,Отдел_48
Имя_381,Фамилия_381,Должность_917,4618,Отдел_92
Имя_382,Фамилия_382,Должность_398,3762,Отдел_40
Имя_383,Фамилия_383,Должность_347,1905,Отдел_71
Имя_384,Фамилия_384,Должность_772,1391,Отдел_19
Имя_385,Фамилия_385,Должность_583,1522,Отдел_30
Имя_386,Фамилия_386,Должность_573,3832,Отдел_12
Имя_387,Фамилия_387,Должность_804,1216,Отдел_22
Имя_388,Фамилия_388,Должность_256,2543,Отдел_86
Имя_389,Фамилия_389,Должность_146,2550,Отдел_38
Имя_390,Фамилия_390,Должность_956,3421,Отдел_52
Имя_391,Фамилия_391,Должность_812,1609,Отдел_15
Имя_392,Фамилия_392,Должность_341,4318,Отдел_36
Имя_393,Фамилия_393,Должность_750,1449,Отдел_65
Имя_394,Фамилия_394,Должность_446,4344,Отдел_80
Имя_395,Фамилия_395,Должность_787,1868,Отдел_68
Имя_396,Фамилия_396,Должность_475,1795,Отдел_81
Имя_397,Фамилия_397,Должность_359,1318,Отдел_17
Имя_398,Фамилия_398,Должность_715,2175,Отдел_16
Имя_399,Фамилия_399,Должность_605,2262,Отдел_83
Имя_400,Фамилия_400,Должность_558,1190,Отдел_37
Имя_401,Фамилия_401,Должность_694,1037,Отдел_45
Имя_402,Фамилия_402,Должность_734,2792,Отдел_19
Имя_403,Фамилия_403,Должность_580,1693,Отдел_11
Имя_404,Фамилия_404,Должность_919,1726,Отдел_50
Имя_405,Фамилия_405,Должность_335,1756,Отдел_71
Имя_406,Фамилия_406,Должность_662,4903,Отдел_49
Имя_407,Фамилия_407,Должность_951,3695,Отдел_81
Имя_408,Фамилия_408,Должность_999,2550,Отдел_65
Имя_409,Фамилия_409,Должность_846,3843,Отдел_65
Имя_410,Фамилия_410,Должность_744,3695,Отдел_23
Имя_411,Фамилия_411,Должность_895,4433,Отдел_80
Имя_412,Фамилия_412,Должность_189,2688,Отдел_6
Имя_413,Фамилия_413,Должность_811,1890,Отдел_9
Имя_414,Фамилия_414,Должность_337,1436,Отдел_31
Имя_415,Фамилия_415,Должность_518,4990,Отдел_20
Имя_416,Фамилия_416,Должность_635,1213,Отдел_31
Имя_417,Фамилия_417,Должность_522,2461,Отдел_89
Имя_418,Фамилия_418,Должность_532,1156,Отдел_87
Имя_419,Фамилия_419,Должность_962,4198,Отдел_37
Имя_420,Фамилия_420,Должность_171,4801,Отдел_27
Имя_421,Фамилия_421,Должность_616,2558,Отдел_32
Имя_422,Фамилия_422,Должность_302,2130,Отдел_40
Имя_423,Фамилия_423,Должность_398,4728,Отдел_94
Имя_424,Фамилия_424,Должность_481,1669,Отдел_28
Имя_425,Фамилия_425,Должность_549,3450,Отдел_2
Имя_426,Фамилия_426,Должность_530,4397,Отдел_89
Имя_427,Фамилия_427,Должность_354,2699,Отдел_41
Имя_428,Фамилия_428,Должность_743,3037,Отдел_55
Имя_429,Фамилия_429,Должность_729,3653,Отдел_44
Имя_430,Фамилия_430,Должность_734,3128,Отдел_89
Имя_431,Фамилия_431,Должность_962,1618,Отдел_81
Имя_432,Фамилия_432,Должность_92,1488,Отдел_18
Имя_433,Фамилия_433,Должность_523,3094,Отдел_26
Имя_434,Фамилия_434,Должность_931,2777,Отдел_99
Имя_435,Фамилия_435,Должность_497,3190,Отдел_42
Имя_436,Фамилия_436,Должность_876,4460,Отдел_99
Имя_437,Фамилия_437,Должность_385,2521,Отдел_2
Имя_438,Фамилия_438,Должность_723,1124,Отдел_11
Имя_439,Фамилия_439,Должность_722,4120,Отдел_86
Имя_440,Фамилия_440,Должность_39,2170,Отдел_68
Имя_441,Фамилия_441,Должность_246,3447,Отдел_2
Имя_442,Фамилия_442,Должность_255,4952,Отдел_63
Имя_443,Фамилия_443,Должность_664,3711,Отдел_75
Имя_444,Фамилия_444,Должность_109,1053,Отдел_36
Имя_445,Фамилия_445,Должность_161,4689,Отдел_22
Имя_446,Фамилия_446,Должность_105,2446,Отдел_8
Имя_447,Фамилия_447,Должность_416,1952,Отдел_83
Имя_448,Фамилия_448,Должность_583,3496,Отдел_73
Имя_449,Фамилия_449,Должность_866,1767,Отдел_63
Имя_450,Фамилия_450,Должность_851,4095,Отдел_63
Имя_451,Фамилия_451,Должность_744,3927,Отдел_16
Имя_452,Фамилия_452,Должность_284,4687,Отдел_90
Имя_453,Фамилия_453,Должность_417,4053,Отдел_22
Имя_454,Фамилия_454,Должность_79,4879,Отдел_13
Имя_455,Фамилия_455,Должность_540,3086,Отдел_80
Имя_456,Фамилия_456,Должность_152,2941,Отдел_70
Имя_457,Фамилия_457,Должность_949,3170,Отдел_32
Имя_458,Фамилия_458,Должность_382,1396,Отдел_25
Имя_459,Фамилия_459,Должность_289,4268,Отдел_96
Имя_460,Фамилия_460,Должность_208,1104,Отдел_21
Имя_461,Фамилия_461,Должность_330,1508,Отдел_73
Имя_462,Фамилия_462,Должность_410,3448,Отдел_13
Имя_463,Фамилия_463,Должность_66,3991,Отдел_72
Имя_464,Фамилия_464,Должность_969,3470,Отдел_25
Имя_465,Фамилия_465,Должность_30,1455,Отдел_10
Имя_466,Фамилия_466,Должность_602,4965,Отдел_33
Имя_467,Фамилия_467,Должность_517,4310,Отдел_82
Имя_468,Фамилия_468,Должность_4,4015,Отдел_67
Имя_469,Фамилия_469,Должность_313,2244,Отдел_68
Имя_470,Фамилия_470,Должность_751,4528,Отдел_63
Имя_471,Фамилия_471,Должность_416,2689,Отдел_85
Имя_472,Фамилия_472,Должность_375,4666,Отдел_42
Имя_473,Фамилия_473,Должность_572,3832,Отдел_34
Имя_474,Фамилия_474,Должность_930,2870,Отдел_89
Имя_475,Фамилия_475,Должность_800,2664,Отдел_30
Имя_476,Фамилия_476,Должность_784,4461,Отдел_89
Имя_477,Фамилия_477,Должность_72,1838,Отдел_2
Имя_478,Фамилия_478,Должность_931,1879,Отдел_51
Имя_479,Фамилия_479,Должность_484,4032,Отдел_33
Имя_480,Фамилия_480,Должность_140,3772,Отдел_94
Имя_481,Фамилия_481,Должность_410,1626,Отдел_69
Имя_482,Фамилия_482,Должность_411,3327,Отдел_58
Имя_483,Фамилия_483,Должность_420,2389,Отдел_23
Имя_484,Фамилия_484,Должность_579,1191,Отдел_55
Имя_485,Фамилия_485,Должность_529,3160,Отдел_56
Имя_486,Фамилия_486,Должность_900,4036,Отдел_74
Имя_487,Фамилия_487,Должность_201,1781,Отдел_61
Имя_488,Фамилия_488,Должность_143,3844,Отдел_20
Имя_489,Фамилия_489,Должность_473,3807,Отдел_18
Имя_490,Фамилия_490,Должность_177,3395,Отдел_90
Имя_491,Фамилия_491,Должность_626,1683,Отдел_24
Имя_492,Фамилия_492,Должность_995,1687,Отдел_57
Имя_493,Фамилия_493,Должность_206,4095,Отдел_65
Имя_494,Фамилия_494,Должность_131,4109,Отдел_70
Имя_495,Фамилия_495,Должность_418,2346,Отдел_10
Имя_496,Фамилия_496,Должность_971,2646,Отдел_70
Имя_497,Фамилия_497,Должность_149,1471,Отдел_86
Имя_498,Фамилия_498,Должность_875,4699,Отдел_38
Имя_499,Фамилия_499,Должность_639,1287,Отдел_54
Имя_500,Фамилия_500,Должность_521,1621,Отдел_36
Имя_501,Фамилия_501,Должность_627,1696,Отдел_96
Имя_502,Фамилия_502,Должность_60,3395,Отдел_97
Имя_503,Фамилия_503,Должность_2,3084,Отдел_21
Имя_504,Фамилия_504,Должность_505,3741,Отдел_52
Имя_505,Фамилия_505,Должность_468,3117,Отдел_44
Имя_506,Фамилия_506,Должность_310,3763,Отдел_56
Имя_507,Фамилия_507,Должность_399,3887,Отдел_96
Имя_508,Фамилия_508,Должность_238,4885,Отдел_13
Имя_509,Фамилия_509,Должность_979,1261,Отдел_59
Имя_510,Фамилия_510,Должность_445,2336,Отдел_65
Имя_511,Фамилия_511,Должность_142,1664,Отдел_87
Имя_512,Фамилия_512,Должность_714,3139,Отдел_43
Имя_513,Фамилия_513,Должность_553,2300,Отдел_26
Имя_514,Фамилия_514,Должность_720,2920,Отдел_72
Имя_515,Фамилия_515,Должность_614,3744,Отдел_96
Имя_516,Фамилия_516,Должность_638,4667,Отдел_46
Имя_517,Фамилия_517,Должность_391,4793,Отдел_86
Имя_518,Фамилия_518,Должность_97,3884,Отдел_77
Имя_519,Фамилия_519,Должность_880,4541,Отдел_73
Имя_520,Фамилия_520,Должность_815,1824,Отдел_57
Имя_521,Фамилия_521,Должность_297,1026,Отдел_51
Имя_522,Фамилия_522,Должность_710,1555,Отдел_54
Имя_523,Фамилия_523,Должность_346,3609,Отдел_19
Имя_524,Фамилия_524,Должность_365,2246,Отдел_91
Имя_525,Фамилия_525,Должность_708,4383,Отдел_96
Имя_526,Фамилия_526,Должность_675,4942,Отдел_85
Имя_527,Фамилия_527,Должность_556,1510,Отдел_12
Имя_528,Фамилия_528,Должность_745,3303,Отдел_12
Имя_529,Фамилия_529,Должность_120,1419,Отдел_5
Имя_530,Фамилия_530,Должность_411,3182,Отдел_32
Имя_531,Фамилия_531,Должность_406,2443,Отдел_10
Имя_532,Фамилия_532,Должность_537,1042,Отдел_77
Имя_533,Фамилия_533,Должность_973,3040,Отдел_44
Имя_534,Фамилия_534,Должность_243,4202,Отдел_19
Имя_535,Фамилия_535,Должность_150,3695,Отдел_36
Имя_536,Фамилия_536,Должность_28,3831,Отдел_75
Имя_537,Фамилия_537,Должность_531,4104,Отдел_64
Имя_538,Фамилия_538,Должность_271,2121,Отдел_81
Имя_539,Фамилия_539,Должность_526,3845,Отдел_36
Имя_540,Фамилия_540,Должность_892,2649,Отдел_30
Имя_541,Фамилия_541,Должность_359,3172,Отдел_86
Имя_542,Фамилия_542,Должность_141,1608,Отдел_17
Имя_543,Фамилия_543,Должность_915,3918,Отдел_48
Имя_544,Фамилия_544,Должность_189,3952,Отдел_23
Имя_545,Фамилия_545,Должность_606,2292,Отдел_91
Имя_546,Фамилия_546,Должность_372,3036,Отдел_30
Имя_547,Фамилия_547,Должность_696,2091,Отдел_44
Имя_548,Фамилия_548,Должность_441,4503,Отдел_42
Имя_549,Фамилия_549,Должность_380,4246,Отдел_23
Имя_550,Фамилия_550,Должность_847,3078,Отдел_63
Имя_551,Фамилия_551,Должность_611,2280,Отдел_35
Имя_552,Фамилия_552,Должность_798,1308,Отдел_97
Имя_553,Фамилия_553,Должность_487,3646,Отдел_71
Имя_554,Фамилия_554,Должность_499,3133,Отдел_18
Имя_555,Фамилия_555,Должность_246,1669,Отдел_54
Имя_556,Фамилия_556,Должность_708,3535,Отдел_87
Имя_557,Фамилия_557,Должность_311,3977,Отдел_36
Имя_558,Фамилия_558,Должность_515,3961,Отдел_85
Имя_559,Фамилия_559,Должность_693,3135,Отдел_15
Имя_560,Фамилия_560,Должность_165,4025,Отдел_89
Имя_561,Фамилия_561,Должность_299,3623,Отдел_5
Имя_562,Фамилия_562,Должность_169,4400,Отдел_24
Имя_563,Фамилия_563,Должность_638,2494,Отдел_24
Имя_564,Фамилия_564,Должность_980,4049,Отдел_67
Имя_565,Фамилия_565,Должность_442,2220,Отдел_23
Имя_566,Фамилия_566,Должность_719,3386,Отдел_27
Имя_567,Фамилия_567,Должность_810,3482,Отдел_87
Имя_568,Фамилия_568,Должность_384,1489,Отдел_68
Имя_569,Фамилия_569,Должность_273,4678,Отдел_57
Имя_570,Фамилия_570,Должность_589,1396,Отдел_87
Имя_571,Фамилия_571,Должность_506,3046,Отдел_74
Имя_572,Фамилия_572,Должность_502,1685,Отдел_11
Имя_573,Фамилия_573,Должность_863,1689,Отдел_61
Имя_574,Фамилия_574,Должность_526,4359,Отдел_90
Имя_575,Фамилия_575,Должность_383,2190,Отдел_96
Имя_576,Фамилия_576,Должность_974,2090,Отдел_46
Имя_577,Фамилия_577,Должность_688,3996,Отдел_41
Имя_578,Фамилия_578,Должность_194,3471,Отдел_39
Имя_579,Фамилия_579,Должность_434,4079,Отдел_55
Имя_580,Фамилия_580,Должность_857,1524,Отдел_25
Имя_581,Фамилия_581,Должность_514,4776,Отдел_11
Имя_582,Фамилия_582,Должность_513,4303,Отдел_96
Имя_583,Фамилия_583,Должность_21,4462,Отдел_67
Имя_584,Фамилия_584,Должность_131,2293,Отдел_49
Имя_585,Фамилия_585,Должность_50,1894,Отдел_45
Имя_586,Фамилия_586,Должность_764,1179,Отдел_73
Имя_587,Фамилия_587,Должность_784,2068,Отдел_43
Имя_588,Фамилия_588,Должность_292,3765,Отдел_84
Имя_589,Фамилия_589,Должность_53,2318,Отдел_4
Имя_590,Фамилия_590,Должность_170,2005,Отдел_1
Имя_591,Фамилия_591,Должность_785,4893,Отдел_5
Имя_592,Фамилия_592,Должность_948,1384,Отдел_22
Имя_593,Фамилия_593,Должность_284,2259,Отдел_16
Имя_594,Фамилия_594,Должность_678,2969,Отдел_87
Имя_595,Фамилия_595,Должность_207,4429,Отдел_43
Имя_596,Фамилия_596,Должность_401,1830,Отдел_15
Имя_597,Фамилия_597,Должность_21,2669,Отдел_24
Имя_598,Фамилия_598,Должность_290,2821,Отдел_7
Имя_599,Фамилия_599,Должность_221,3363,Отдел_96
Имя_600,Фамилия_600,Должность_4,2634,Отдел_30
Имя_601,Фамилия_601,Должность_55,2258,Отдел_47
Имя_602,Фамилия_602,Должность_533,1843,Отдел_57
Имя_603,Фамилия_603,Должность_455,3254,Отдел_82
Имя_604,Фамилия_604,Должность_824,4029,Отдел_46
Имя_605,Фамилия_605,Должность_832,3848,Отдел_31
Имя_606,Фамилия_606,Должность_856,2646,Отдел_82
Имя_607,Фамилия_607,Должность_252,2444,Отдел_41
Имя_608,Фамилия_608,Должность_525,1332,Отдел_47
Имя_609,Фамилия_609,Должность_561,3953,Отдел_19
Имя_610,Фамилия_610,Должность_736,1658,Отдел_79
Имя_611,Фамилия_611,Должность_843,3715,Отдел_35
Имя_612,Фамилия_612,Должность_632,4002,Отдел_97
Имя_613,Фамилия_613,Должность_130,2556,Отдел_95
Имя_614,Фамилия_614,Должность_101,4062,Отдел_83
Имя_615,Фамилия_615,Должность_494,3572,Отдел_72
Имя_616,Фамилия_616,Должность_797,2946,Отдел_4
Имя_617,Фамилия_617,Должность_98,1099,Отдел_75
Имя_618,Фамилия_618,Должность_566,2501,Отдел_84
Имя_619,Фамилия_619,Должность_915,2991,Отдел_69
Имя_620,Фамилия_620,Должность_66,1375,Отдел_20
Имя_621,Фамилия_621,Должность_388,4799,Отдел_95
Имя_622,Фамилия_622,Должность_124,1695,Отдел_70
Имя_623,Фамилия_623,Должность_906,3190,Отдел_59
Имя_624,Фамилия_624,Должность_439,3499,Отдел_2
Имя_625,Фамилия_625,Должность_644,4893,Отдел_63
Имя_626,Фамилия_626,Должность_998,4548,Отдел_89
Имя_627,Фамилия_627,Должность_547,2168,Отдел_38
Имя_628,Фамилия_628,Должность_78,3614,Отдел_58
Имя_629,Фамилия_629,Должность_447,1898,Отдел_78
Имя_630,Фамилия_630,Должность_528,4594,Отдел_25
Имя_631,Фамилия_631,Должность_328,4827,Отдел_18
Имя_632,Фамилия_632,Должность_783,3997,Отдел_23
Имя_633,Фамилия_633,Должность_485,2322,Отдел_53
Имя_634,Фамилия_634,Должность_465,3356,Отдел_50
Имя_635,Фамилия_635,Должность_54,1817,Отдел_59
Имя_636,Фамилия_636,Должность_797,1376,Отдел_72
Имя_637,Фамилия_637,Должность_970,1766,Отдел_64
Имя_638,Фамилия_638,Должность_841,1659,Отдел_83
Имя_639,Фамилия_639,Должность_725,3817,Отдел_28
Имя_640,Фамилия_640,Должность_707,4511,Отдел_97
Имя_641,Фамилия_641,Должность_64,1339,Отдел_12
Имя_642,Фамилия_642,Должность_120,2938,Отдел_93
Имя_643,Фамилия_643,Должность_722,2131,Отдел_79
Имя_644,Фамилия_644,Должность_309,2665,Отдел_13
Имя_645,Фамилия_645,Должность_240,4704,Отдел_5
Имя_646,Фамилия_646,Должность_104,1054,Отдел_45
Имя_647,Фамилия_647,Должность_502,4155,Отдел_37
Имя_648,Фамилия_648,Должность_309,2841,Отдел_79
Имя_649,Фамилия_649,Должность_234,4168,Отдел_77
Имя_650,Фамилия_650,Должность_976,4880,Отдел_14
Имя_651,Фамилия_651,Должность_257,4154,Отдел_49
Имя_652,Фамилия_652,Должность_371,3017,Отдел_44
Имя_653,Фамилия_653,Должность_578,1187,Отдел_80
Имя_654,Фамилия_654,Должность_829,2513,Отдел_69
Имя_655,Фамилия_655,Должность_635,4189,Отдел_25
Имя_656,Фамилия_656,Должность_117,1694,Отдел_55
Имя_657,Фамилия_657,Должность_490,3475,Отдел_9
Имя_658,Фамилия_658,Должность_649,2654,Отдел_26
Имя_659,Фамилия_659,Должность_792,3251,Отдел_34
Имя_660,Фамилия_660,Должность_522,4566,Отдел_95
Имя_661,Фамилия_661,Должность_353,1235,Отдел_19
Имя_662,Фамилия_662,Должность_658,1047,Отдел_35
Имя_663,Фамилия_663,Должность_98,3869,Отдел_8
Имя_664,Фамилия_664,Должность_725,4211,Отдел_37
Имя_665,Фамилия_665,Должность_241,1919,Отдел_7
Имя_666,Фамилия_666,Должность_414,4675,Отдел_66
Имя_667,Фамилия_667,Должность_790,3132,Отдел_98
Имя_668,Фамилия_668,Должность_44,2518,Отдел_53
Имя_669,Фамилия_669,Должность_847,1988,Отдел_97
Имя_670,Фамилия_670,Должность_990,2144,Отдел_60
Имя_671,Фамилия_671,Должность_273,1937,Отдел_42
Имя_672,Фамилия_672,Должность_336,1310,Отдел_54
Имя_673,Фамилия_673,Должность_194,2006,Отдел_8
Имя_674,Фамилия_674,Должность_823,1794,Отдел_58
Имя_675,Фамилия_675,Должность_399,1077,Отдел_47
Имя_676,Фамилия_676,Должность_24,1320,Отдел_81
Имя_677,Фамилия_677,Должность_189,2336,Отдел_33
Имя_678,Фамилия_678,Должность_825,2241,Отдел_10
Имя_679,Фамилия_679,Должность_626,3362,Отдел_48
Имя_680,Фамилия_680,Должность_499,3914,Отдел_82
Имя_681,Фамилия_681,Должность_989,4995,Отдел_8
Имя_682,Фамилия_682,Должность_305,1948,Отдел_92
Имя_683,Фамилия_683,Должность_664,3174,Отдел_66
Имя_684,Фамилия_684,Должность_814,2917,Отдел_46
Имя_685,Фамилия_685,Должность_423,3804,Отдел_74
Имя_686,Фамилия_686,Должность_746,1264,Отдел_17
Имя_687,Фамилия_687,Должность_159,1481,Отдел_66
Имя_688,Фамилия_688,Должность_720,2614,Отдел_93
Имя_689,Фамилия_689,Должность_192,4038,Отдел_14
Имя_690,Фамилия_690,Должность_8,1079,Отдел_41
Имя_691,Фамилия_691,Должность_414,3733,Отдел_81
Имя_692,Фамилия_692,Должность_651,1488,Отдел_14
Имя_693,Фамилия_693,Должность_136,2144,Отдел_75
Имя_694,Фамилия_694,Должность_985,4303,Отдел_96
Имя_695,Фамилия_695,Должность_834,1753,Отдел_63
Имя_696,Фамилия_696,Должность_571,3752,Отдел_92
Имя_697,Фамилия_697,Должность_609,4958,Отдел_78
Имя_698,Фамилия_698,Должность_344,2723,Отдел_19
Имя_699,Фамилия_699,Должность_288,4165,Отдел_59
Имя_700,Фамилия_700,Должность_252,4532,Отдел_24
Имя_701,Фамилия_701,Должность_980,3078,Отдел_10
Имя_702,Фамилия_702,Должность_646,1544,Отдел_68
Имя_703,Фамилия_703,Должность_793,1851,Отдел_19
Имя_704,Фамилия_704,Должность_386,1911,Отдел_38
Имя_705,Фамилия_705,Должность_754,3216,Отдел_67
Имя_706,Фамилия_706,Должность_343,1341,Отдел_80
Имя_707,Фамилия_707,Должность_102,2418,Отдел_51
Имя_708,Фамилия_708,Должность_238,4615,Отдел_67
Имя_709,Фамилия_709,Должность_955,3389,Отдел_21
Имя_710,Фамилия_710,Должность_591,2980,Отдел_61
Имя_711,Фамилия_711,Должность_306,2656,Отдел_26
Имя_712,Фамилия_712,Должность_241,2460,Отдел_2
Имя_713,Фамилия_713,Должность_411,4450,Отдел_31
Имя_714,Фамилия_714,Должность_211,3286,Отдел_69
Имя_715,Фамилия_715,Должность_716,2566,Отдел_33
Имя_716,Фамилия_716,Должность_626,2958,Отдел_13
Имя_717,Фамилия_717,Должность_542,1955,Отдел_86
Имя_718,Фамилия_718,Должность_24,2317,Отдел_14
Имя_719,Фамилия_719,Должность_940,1798,Отдел_36
Имя_720,Фамилия_720,Должность_824,3690,Отдел_46
Имя_721,Фамилия_721,Должность_338,2800,Отдел_78
Имя_722,Фамилия_722,Должность_596,4893,Отдел_74
Имя_723,Фамилия_723,Должность_903,2238,Отдел_34
Имя_724,Фамилия_724,Должность_163,2287,Отдел_84
Имя_725,Фамилия_725,Должность_287,2487,Отдел_59
Имя_726,Фамилия_726,Должность_501,1912,Отдел_4
Имя_727,Фамилия_727,Должность_728,1195,Отдел_75
Имя_728,Фамилия_728,Должность_216,4061,Отдел_8
Имя_729,Фамилия_729,Должность_927,3384,Отдел_95
Имя_730,Фамилия_730,Должность_705,4010,Отдел_30
Имя_731,Фамилия_731,Должность_499,2921,Отдел_88
Имя_732,Фамилия_732,Должность_994,4737,Отдел_10
Имя_733,Фамилия_733,Должность_353,3159,Отдел_64
Имя_734,Фамилия_734,Должность_84,2847,Отдел_24
Имя_735,Фамилия_735,Должность_413,3810,Отдел_64
Имя_736,Фамилия_736,Должность_217,3915,Отдел_17
Имя_737,Фамилия_737,Должность_239,2161,Отдел_27
Имя_738,Фамилия_738,Должность_368,3684,Отдел_11
Имя_739,Фамилия_739,Должность_79,1080,Отдел_50
Имя_740,Фамилия_740,Должность_343,2293,Отдел_9
Имя_741,Фамилия_741,Должность_952,1554,Отдел_66
Имя_742,Фамилия_742,Должность_124,3475,Отдел_96
Имя_743,Фамилия_743,Должность_361,4376,Отдел_76
Имя_744,Фамилия_744,Должность_107,3987,Отдел_35
Имя_745,Фамилия_745,Должность_313,3986,Отдел_48
Имя_746,Фамилия_746,Должность_662,3117,Отдел_25
Имя_747,Фамилия_747,Должность_430,1432,Отдел_37
Имя_748,Фамилия_748,Должность_958,1856,Отдел_76
Имя_749,Фамилия_749,Должность_616,4408,Отдел_59
Имя_750,Фамилия_750,Должность_71,2968,Отдел_2
Имя_751,Фамилия_751,Должность_330,4225,Отдел_21
Имя_752,Фамилия_752,Должность_908,1428,Отдел_43
Имя_753,Фамилия_753,Должность_668,3935,Отдел_71
Имя_754,Фамилия_754,Должность_848,2528,Отдел_14
Имя_755,Фамилия_755,Должность_888,4908,Отдел_25
Имя_756,Фамилия_756,Должность_245,4584,Отдел_51
Имя_757,Фамилия_757,Должность_78,3690,Отдел_39
Имя_758,Фамилия_758,Должность_153,2098,Отдел_70
Имя_759,Фамилия_759,Должность_731,4419,Отдел_38
Имя_760,Фамилия_760,Должность_324,3905,Отдел_77
Имя_761,Фамилия_761,Должность_681,1168,Отдел_40
Имя_762,Фамилия_762,Должность_506,1680,Отдел_24
Имя_763,Фамилия_763,Должность_720,1683,Отдел_19
Имя_764,Фамилия_764,Должность_246,1000,Отдел_38
Имя_765,Фамилия_765,Должность_299,1233,Отдел_45
Имя_766,Фамилия_766,Должность_720,1693,Отдел_18
Имя_767,Фамилия_767,Должность_35,4553,Отдел_86
Имя_768,Фамилия_768,Должность_8,2104,Отдел_10
Имя_769,Фамилия_769,Должность_205,4694,Отдел_34
Имя_770,Фамилия_770,Должность_500,2131,Отдел_64
Имя_771,Фамилия_771,Должность_431,1611,Отдел_53
Имя_772,Фамилия_772,Должность_85,3423,Отдел_57
Имя_773,Фамилия_773,Должность_480,4760,Отдел_56
Имя_774,Фамилия_774,Должность_280,3147,Отдел_60
Имя_775,Фамилия_775,Должность_863,1010,Отдел_19
Имя_776,Фамилия_776,Должность_305,1992,Отдел_23
Имя_777,Фамилия_777,Должность_72,1111,Отдел_89
Имя_778,Фамилия_778,Должность_666,1687,Отдел_93
Имя_779,Фамилия_779,Должность_417,3158,Отдел_80
Имя_780,Фамилия_780,Должность_639,1786,Отдел_31
Имя_781,Фамилия_781,Должность_315,1534,Отдел_51
Имя_782,Фамилия_782,Должность_719,4334,Отдел_88
Имя_783,Фамилия_783,Должность_321,4306,Отдел_34
Имя_784,Фамилия_784,Должность_94,1096,Отдел_60
Имя_785,Фамилия_785,Должность_926,1358,Отдел_91
Имя_786,Фамилия_786,Должность_717,2005,Отдел_7
Имя_787,Фамилия_787,Должность_7,3162,Отдел_85
Имя_788,Фамилия_788,Должность_732,1139,Отдел_86
Имя_789,Фамилия_789,Должность_694,4043,Отдел_30
Имя_790,Фамилия_790,Должность_734,1634,Отдел_72
Имя_791,Фамилия_791,Должность_146,1887,Отдел_1
Имя_792,Фамилия_792,Должность_832,2745,Отдел_92
Имя_793,Фамилия_793,Должность_937,3486,Отдел_64
Имя_794,Фамилия_794,Должность_286,2004,Отдел_71
Имя_795,Фамилия_795,Должность_68,1820,Отдел_7
Имя_796,Фамилия_796,Должность_985,1566,Отдел_93
Имя_797,Фамилия_797,Должность_958,3690,Отдел_80
Имя_798,Фамилия_798,Должность_721,2721,Отдел_45
Имя_799,Фамилия_799,Должность_365,3691,Отдел_91
Имя_800,Фамилия_800,Должность_250,1906,Отдел_48
Имя_801,Фамилия_801,Должность_617,2823,Отдел_80
Имя_802,Фамилия_802,Должность_394,2271,Отдел_38
Имя_803,Фамилия_803,Должность_49,1958,Отдел_11
Имя_804,Фамилия_804,Должность_98,3183,Отдел_26
Имя_805,Фамилия_805,Должность_287,3860,Отдел_88
Имя_806,Фамилия_806,Должность_633,3361,Отдел_67
Имя_807,Фамилия_807,Должность_173,4489,Отдел_19
Имя_808,Фамилия_808,Должность_340,1867,Отдел_81
Имя_809,Фамилия_809,Должность_729,2965,Отдел_56
Имя_810,Фамилия_810,Должность_339,4297,Отдел_89
Имя_811,Фамилия_811,Должность_292,2439,Отдел_29
Имя_812,Фамилия_812,Должность_327,4676,Отдел_67
Имя_813,Фамилия_813,Должность_420,4628,Отдел_21
Имя_814,Фамилия_814,Должность_346,2264,Отдел_93
Имя_815,Фамилия_815,Должность_784,2182,Отдел_93
Имя_816,Фамилия_816,Должность_133,4071,Отдел_11
Имя_817,Фамилия_817,Должность_427,2047,Отдел_80
Имя_818,Фамилия_818,Должность_984,3893,Отдел_66
Имя_819,Фамилия_819,Должность_823,1957,Отдел_86
Имя_820,Фамилия_820,Должность_307,1758,Отдел_18
Имя_821,Фамилия_821,Должность_202,2466,Отдел_20
Имя_822,Фамилия_822,Должность_9,2113,Отдел_50
Имя_823,Фамилия_823,Должность_554,3136,Отдел_74
Имя_824,Фамилия_824,Должность_887,2480,Отдел_51
Имя_825,Фамилия_825,Должность_256,2806,Отдел_6
Имя_826,Фамилия_826,Должность_119,1260,Отдел_83
Имя_827,Фамилия_827,Должность_242,3983,Отдел_71
Имя_828,Фамилия_828,Должность_448,3655,Отдел_72
Имя_829,Фамилия_829,Должность_116,3733,Отдел_32
Имя_830,Фамилия_830,Должность_575,3685,Отдел_82
Имя_831,Фамилия_831,Должность_766,2546,Отдел_6
Имя_832,Фамилия_832,Должность_978,3487,Отдел_57
Имя_833,Фамилия_833,Должность_731,2375,Отдел_2
Имя_834,Фамилия_834,Должность_135,1459,Отдел_14
Имя_835,Фамилия_835,Должность_533,2984,Отдел_19
Имя_836,Фамилия_836,Должность_566,2554,Отдел_96
Имя_837,Фамилия_837,Должность_814,1599,Отдел_92
Имя_838,Фамилия_838,Должность_50,3970,Отдел_94
Имя_839,Фамилия_839,Должность_628,4627,Отдел_30
Имя_840,Фамилия_840,Должность_14,2533,Отдел_72
Имя_841,Фамилия_841,Должность_171,2035,Отдел_38
Имя_842,Фамилия_842,Должность_647,4459,Отдел_46
Имя_843,Фамилия_843,Должность_548,1736,Отдел_24
Имя_844,Фамилия_844,Должность_481,3241,Отдел_58
Имя_845,Фамилия_845,Должность_421,1645,Отдел_64
Имя_846,Фамилия_846,Должность_694,2486,Отдел_40
Имя_847,Фамилия_847,Должность_395,2728,Отдел_23
Имя_848,Фамилия_848,Должность_816,2609,Отдел_13
Имя_849,Фамилия_849,Должность_778,3283,Отдел_10
Имя_850,Фамилия_850,Должность_13,4443,Отдел_25
Имя_851,Фамилия_851,Должность_689,4708,Отдел_65
Имя_852,Фамилия_852,Должность_510,4480,Отдел_11
Имя_853,Фамилия_853,Должность_325,4682,Отдел_31
Имя_854,Фамилия_854,Должность_747,4557,Отдел_92
Имя_855,Фамилия_855,Должность_855,2548,Отдел_71
Имя_856,Фамилия_856,Должность_638,1930,Отдел_19
Имя_857,Фамилия_857,Должность_62,1335,Отдел_30
Имя_858,Фамилия_858,Должность_468,2097,Отдел_37
Имя_859,Фамилия_859,Должность_917,3748,Отдел_14
Имя_860,Фамилия_860,Должность_716,3151,Отдел_48
Имя_861,Фамилия_861,Должность_328,1636,Отдел_90
Имя_862,Фамилия_862,Должность_92,2083,Отдел_40
Имя_863,Фамилия_863,Должность_645,2173,Отдел_45
Имя_864,Фамилия_864,Должность_152,1115,Отдел_31
Имя_865,Фамилия_865,Должность_742,3038,Отдел_80
Имя_866,Фамилия_866,Должность_569,1777,Отдел_60
Имя_867,Фамилия_867,Должность_556,4003,Отдел_93
Имя_868,Фамилия_868,Должность_750,1634,Отдел_9
Имя_869,Фамилия_869,Должность_908,1739,Отдел_88
Имя_870,Фамилия_870,Должность_330,2156,Отдел_6
Имя_871,Фамилия_871,Должность_681,2650,Отдел_27
Имя_872,Фамилия_872,Должность_822,3957,Отдел_41
Имя_873,Фамилия_873,Должность_376,3728,Отдел_3
Имя_874,Фамилия_874,Должность_733,1212,Отдел_95
Имя_875,Фамилия_875,Должность_559,4408,Отдел_34
Имя_876,Фамилия_876,Должность_337,2369,Отдел_14
Имя_877,Фамилия_877,Должность_211,1537,Отдел_72
Имя_878,Фамилия_878,Должность_143,4330,Отдел_13
Имя_879,Фамилия_879,Должность_455,1056,Отдел_74
Имя_880,Фамилия_880,Должность_929,2701,Отдел_23
Имя_881,Фамилия_881,Должность_342,1180,Отдел_68
Имя_882,Фамилия_882,Должность_134,4505,Отдел_58
Имя_883,Фамилия_883,Должность_230,4012,Отдел_92
Имя_884,Фамилия_884,Должность_949,3855,Отдел_45
Имя_885,Фамилия_885,Должность_275,4111,Отдел_96
Имя_886,Фамилия_886,Должность_23,2768,Отдел_74
Имя_887,Фамилия_887,Должность_555,3283,Отдел_75
Имя_888,Фамилия_888,Должность_309,4196,Отдел_21
Имя_889,Фамилия_889,Должность_623,3095,Отдел_99
Имя_890,Фамилия_890,Должность_658,1280,Отдел_35
Имя_891,Фамилия_891,Должность_550,4449,Отдел_74
Имя_892,Фамилия_892,Должность_913,3596,Отдел_50
Имя_893,Фамилия_893,Должность_561,2620,Отдел_88
Имя_894,Фамилия_894,Должность_462,3163,Отдел_79
Имя_895,Фамилия_895,Должность_299,1564,Отдел_51
Имя_896,Фамилия_896,Должность_125,4458,Отдел_55
Имя_897,Фамилия_897,Должность_549,4144,Отдел_85
Имя_898,Фамилия_898,Должность_715,1646,Отдел_68
Имя_899,Фамилия_899,Должность_425,3518,Отдел_14
Имя_900,Фамилия_900,Должность_705,2430,Отдел_63
Имя_901,Фамилия_901,Должность_67,1040,Отдел_16
Имя_902,Фамилия_902,Должность_917,1206,Отдел_67
Имя_903,Фамилия_903,Должность_730,1395,Отдел_99
Имя_904,Фамилия_904,Должность_557,4158,Отдел_21
Имя_905,Фамилия_905,Должность_317,2228,Отдел_84
Имя_906,Фамилия_906,Должность_795,1317,Отдел_3
Имя_907,Фамилия_907,Должность_724,3710,Отдел_72
Имя_908,Фамилия_908,Должность_404,3537,Отдел_20
Имя_909,Фамилия_909,Должность_511,3427,Отдел_50
Имя_910,Фамилия_910,Должность_706,3568,Отдел_51
Имя_911,Фамилия_911,Должность_114,4087,Отдел_69
Имя_912,Фамилия_912,Должность_169,1654,Отдел_65
Имя_913,Фамилия_913,Должность_420,2806,Отдел_84
Имя_914,Фамилия_914,Должность_518,3012,Отдел_12
Имя_915,Фамилия_915,Должность_984,4037,Отдел_18
Имя_916,Фамилия_916,Должность_325,4360,Отдел_68
Имя_917,Фамилия_917,Должность_903,1208,Отдел_1
Имя_918,Фамилия_918,Должность_293,1378,Отдел_97
Имя_919,Фамилия_919,Должность_794,2367,Отдел_2
Имя_920,Фамилия_920,Должность_384,2638,Отдел_23
Имя_921,Фамилия_921,Должность_31,1363,Отдел_41
Имя_922,Фамилия_922,Должность_791,4189,Отдел_42
Имя_923,Фамилия_923,Должность_496,3037,Отдел_13
Имя_924,Фамилия_924,Должность_463,2094,Отдел_18
Имя_925,Фамилия_925,Должность_93,3399,Отдел_71
Имя_926,Фамилия_926,Должность_158,3786,Отдел_34
Имя_927,Фамилия_927,Должность_472,1675,Отдел_60
Имя_928,Фамилия_928,Должность_490,1352,Отдел_60
Имя_929,Фамилия_929,Должность_529,3474,Отдел_21
Имя_930,Фамилия_930,Должность_428,3908,Отдел_31
Имя_931,Фамилия_931,Должность_629,4990,Отдел_46
Имя_932,Фамилия_932,Должность_963,1131,Отдел_21
Имя_933,Фамилия_933,Должность_169,3955,Отдел_93
Имя_934,Фамилия_934,Должность_697,1454,Отдел_40
Имя_935,Фамилия_935,Должность_748,1346,Отдел_48
Имя_936,Фамилия_936,Должность_194,1987,Отдел_52
Имя_937,Фамилия_937,Должность_906,3225,Отдел_42
Имя_938,Фамилия_938,Должность_65,4753,Отдел_84
Имя_939,Фамилия_939,Должность_296,3424,Отдел_49
Имя_940,Фамилия_940,Должность_242,3235,Отдел_36
Имя_941,Фамилия_941,Должность_957,1331,Отдел_1
Имя_942,Фамилия_942,Должность_158,4277,Отдел_87
Имя_943,Фамилия_943,Должность_216,4499,Отдел_49
Имя_944,Фамилия_944,Должность_248,3729,Отдел_91
Имя_945,Фамилия_945,Должность_480,1188,Отдел_87
Имя_946,Фамилия_946,Должность_615,2470,Отдел_46
Имя_947,Фамилия_947,Должность_893,3260,Отдел_49
Имя_948,Фамилия_948,Должность_626,1972,Отдел_10
Имя_949,Фамилия_949,Должность_725,1163,Отдел_66
Имя_950,Фамилия_950,Должность_240,4066,Отдел_25
Имя_951,Фамилия_951,Должность_679,1008,Отдел_63
Имя_952,Фамилия_952,Должность_452,3015,Отдел_12
Имя_953,Фамилия_953,Должность_694,1422,Отдел_68
Имя_954,Фамилия_954,Должность_681,4816,Отдел_82
Имя_955,Фамилия_955,Должность_627,4105,Отдел_85
Имя_956,Фамилия_956,Должность_331,4144,Отдел_79
Имя_957,Фамилия_957,Должность_782,2187,Отдел_62
Имя_958,Фамилия_958,Должность_18,4204,Отдел_15
Имя_959,Фамилия_959,Должность_797,4164,Отдел_73
Имя_960,Фамилия_960,Должность_739,2065,Отдел_78
Имя_961,Фамилия_961,Должность_447,4502,Отдел_40
Имя_962,Фамилия_962,Должность_562,4589,Отдел_51
Имя_963,Фамилия_963,Должность_217,1300,Отдел_48
Имя_964,Фамилия_964,Должность_908,3628,Отдел_75
Имя_965,Фамилия_965,Должность_213,3625,Отдел_41
Имя_966,Фамилия_966,Должность_887,4646,Отдел_59
Имя_967,Фамилия_967,Должность_963,4870,Отдел_40
Имя_968,Фамилия_968,Должность_226,1841,Отдел_85
Имя_969,Фамилия_969,Должность_998,2875,Отдел_15
Имя_970,Фамилия_970,Должность_389,2077,Отдел_41
Имя_971,Фамилия_971,Должность_789,4383,Отдел_98
Имя_972,Фамилия_972,Должность_317,3715,Отдел_80
Имя_973,Фамилия_973,Должность_36,4339,Отдел_40
Имя_974,Фамилия_974,Должность_859,3490,Отдел_50
Имя_975,Фамилия_975,Должность_280,3017,Отдел_56
Имя_976,Фамилия_976,Должность_499,3472,Отдел_54
Имя_977,Фамилия_977,Должность_225,1494,Отдел_47
Имя_978,Фамилия_978,Должность_511,2202,Отдел_50
Имя_979,Фамилия_979,Должность_247,3085,Отдел_37
Имя_980,Фамилия_980,Должность_922,3612,Отдел_57
Имя_981,Фамилия_981,Должность_164,2032,Отдел_85
Имя_982,Фамилия_982,Должность_809,4073,Отдел_50
Имя_983,Фамилия_983,Должность_966,3441,Отдел_18
Имя_984,Фамилия_984,Должность_712,4259,Отдел_39
Имя_985,Фамилия_985,Должность_302,4930,Отдел_72
Имя_986,Фамилия_986,Должность_214,2456,Отдел_63
Имя_987,Фамилия_987,Должность_331,2831,Отдел_83
Имя_988,Фамилия_988,Должность_256,2842,Отдел_61
Имя_989,Фамилия_989,Должность_928,2088,Отдел_43
Имя_990,Фамилия_990,Должность_763,1612,Отдел_20
Имя_991,Фамилия_991,Должность_623,1358,Отдел_47
Имя_992,Фамилия_992,Должность_126,3477,Отдел_23
Имя_993,Фамилия_993,Должность_136,1782,Отдел_74
Имя_994,Фамилия_994,Должность_935,2530,Отдел_8
Имя_995,Фамилия_995,Должность_630,1479,Отдел_7
Имя_996,Фамилия_996,Должность_932,1651,Отдел_12
Имя_997,Фамилия_997,Должность_997,3190,Отдел_95
Имя_998,Фамилия_998,Должность_384,1578,Отдел_41
Имя_999,Фамилия_999,Должность_785,2047,Отдел_57
Имя_1000,Фамилия_1000,Должность_891,3909,Отдел_61
